{
  "train_loss": [
    0.5784733652703001,
    0.5120778043699299,
    0.49778425676310045,
    0.4722134015733889,
    0.45007617357704377,
    0.5382830506838417,
    0.47918446312563073,
    0.4377432116999427
  ],
  "train_acc": [
    73.13729027602382,
    77.12430092007938,
    77.99025798304167,
    79.57784593180588,
    80.69637380479884,
    75.33826447771965,
    79.41547898250045,
    81.50820855132599
  ],
  "valid_loss": [
    0.6093403136935728,
    0.5966085465303783,
    0.5960301711898426,
    0.5171485128330773,
    0.5313117701945633,
    0.5977439649146179,
    0.6311481063222063,
    0.5712896293864168
  ],
  "valid_acc": [
    68.04347826086956,
    71.30434782608695,
    68.91304347826087,
    76.95652173913044,
    76.08695652173913,
    70.0,
    71.30434782608695,
    73.26086956521739
  ],
  "epoch_time_sec": [
    627.3950443999929,
    594.9857026999816,
    678.815546799975,
    596.9074508000049,
    575.5570076000004,
    815.2822629000002,
    772.0642689000233,
    570.8235892000084
  ],
  "timestamp": "2026-01-29T06:20:07.199129"
}